id,title,desc,format,list,textformat
1,migrate csv import 1,migrate csv import desc 1,migrate csv import format 1,a,basic_html
2,migrate csv import 2,migrate csv import desc 2,migrate csv import format 1,b,restricted_html
3,migrate csv import 3,migrate csv import desc 3,migrate csv import format 1,c,full_html
4,migrate csv import 4,migrate csv import desc 4,migrate csv import format 1,a,basic_html
5,migrate csv import 5,migrate csv import desc 5,migrate csv import format 1,b,restricted_html
6,migrate csv import 6,migrate csv import desc 6,migrate csv import format 1,c,full_html
